Subplot number,Tag,Species,DBH,Quadrant,subqu,Lianas,Illumination,Nota,,,
68,93079,Alchornea costaricensis,213,3315,12,0,5,,,,
1,8209,Alseis blackiana,504,121,43,0,100,broken crown,,,
5,247438,Alseis blackiana,297,312,44,0,100,broken crown,,,
19,211432,Alseis blackiana,218,1008,14,0,5,,,,
19,6561,Alseis blackiana,420,1107,13,0,85,,,,
20,6745,Alseis blackiana,715,1014,21,0,0,,,,
24,6184,Alseis blackiana,250,1311,21,0,5,,,,
24,191977,Alseis blackiana,368,1410,44,0,100,,,,
28,185884,Alseis blackiana,311,1504,12,0,5,,,,
47,4931,Alseis blackiana,349,2203,11,0,90,,,,
58,115787,Alseis blackiana,284,2805,14,0,5,,,,
58,3600,Alseis blackiana,462,2906,23,0,100,,,,
58,3602,Alseis blackiana,473,2906,11,0,100,,,,
58,3612,Alseis blackiana,540,2905,21,0,100,,,,
59,3731,Alseis blackiana,305,2812,43,0,10,,,,
59,3554,Alseis blackiana,470,2913,33,0,100,,,,
65,97203,Alseis blackiana,252,3211,31,0,80,,,,
69,88116,Alseis blackiana,201,3417,43,0,75,,,,
69,2467,Alseis blackiana,520,3517,32,0,100,,,,
72,2497,Alseis blackiana,310,3513,12,0,95,,,,
72,2326,Alseis blackiana,592,3612,11,0,100,,,,
77,57043,Alseis blackiana,275,4020,43,0,5,,,,
77,1775,Alseis blackiana,396,3921,24,0,60,,,,
77,1718,Alseis blackiana,420,4020,42,0,5,,,,
82,1082,Alseis blackiana,467,4314,22,0,100,sub correcte: 1,,,
82,1283,Alseis blackiana,712,4215,12,0,25,,,,
83,14994,Alseis blackiana,402,4406,43,0,10,,,,
90,780,Alseis blackiana,319,4507,34,0,5,,,,
90,779,Alseis blackiana,549,4507,34,0,100,,,,
92,513,Alseis blackiana,419,4604,43,0,100,broken crown,,,
94,359,Alseis blackiana,500,4717,21,0,100,,,,
40,160704,Aspidosperma spruceanum,256,2004,11,0,100,,,,
40,4930,Aspidosperma spruceanum,635,2103,22,0,100,,,,
59,3730,Aspidosperma spruceanum,540,2812,33,0,100,,,,
74,2178,Aspidosperma spruceanum,1059,3710,33,0,100,,,,
14,7391,Astronium graveolens,606,612,31,0,100,,,,
36,5221,Astronium graveolens,844,1907,41,0,100,,,,
40,721070,Attalea butyracea,375,2104,21,0,5,,,,
74,2172,Attalea butyracea,340,3711,12,0,5,,,,
5,247264,Beilschmiedia pendula,433,312,14,0,100,,,,
69,82848,Beilschmiedia pendula,359,3517,42,0,25,,,,
72,2496,Beilschmiedia pendula,515,3513,24,0,100,,,,
77,1776,Beilschmiedia pendula,505,3921,14,0,100,,,,
83,41007,Beilschmiedia pendula,353,4306,14,0,100,,,,
91,29020,Beilschmiedia pendula,204,4620,23,0,100,,,,
91,29258,Beilschmiedia pendula,265,4621,32,0,30,,,,
91,620,Beilschmiedia pendula,678,4621,22,0,100,,,,
94,28496,Beilschmiedia pendula,411,4617,41,0,100,,,,
24,6193,Brosimum alicastrum,725,1310,13,0,100,,,,
47,4609,Brosimum alicastrum,440,2302,13,0,90,,,,
49,4524,Brosimum alicastrum,1200,2316,23,0,100,,,,
58,3681,Brosimum alicastrum,885,2805,23,0,100,,,,
74,2173,Brosimum alicastrum,685,3711,41,0,100,,,,
72,82237,Casearia arborea,278,3513,21,0,100,,,,
1,263536,Cassipourea elliptica,206,20,34,0,50,,,,
58,3603,Cavanillesia platanifolia,1325,2906,21,0,100,,,,
65,3031,Cavanillesia platanifolia,662,3211,13,0,10,,,,
8,405283,Cecropia insignis,424,512,23,0,100,,,,
11,505102,Cecropia insignis,206,505,21,0,100,,,,
11,505099,Cecropia insignis,303,505,21,0,100,,,,
14,407462,Cecropia insignis,328,712,21,0,100,,,,
18,409488,Cecropia insignis,234,920,12,0,100,,,,
23,613031,Cecropia insignis,255,1305,11,0,100,,,,
23,414129,Cecropia insignis,302,1404,43,0,100,,,,
23,613049,Cecropia insignis,304,1305,22,0,100,,,,
23,613037,Cecropia insignis,348,1305,12,0,100,,,,
23,513042,Cecropia insignis,377,1304,12,0,100,,,,
51,141903,Cecropia insignis,325,2409,34,0,100,,,,
65,97121,Cecropia insignis,290,3211,14,0,100,,,,
68,633185,Cecropia insignis,271,3315,23,0,100,,,,
68,633195,Cecropia insignis,394,3315,22,0,100,,,,
74,72061,Cecropia insignis,245,3710,41,0,100,,,,
23,713072,Cecropia obtusifolia,235,1305,41,0,100,,,,
47,722048,Cecropia obtusifolia,213,2202,31,0,90,,,,
36,5213,Ceiba pentandra,2130,1908,22,0,100,,,,
58,3608,Ceiba pentandra,1453,2905,23,0,110,,,,
90,31343,Celtis schippii,239,4507,13,0,25,,,,
94,28183,Chimarrhis parviflora,225,4616,43,0,5,,,,
40,160715,Chrysophyllum argenteum,222,2004,12,0,0,broken crown,,,
5,252059,Cordia bicolor,280,211,12,0,100,broken crown,,,
23,414136,Cordia bicolor,211,1404,43,0,5,,,,
28,186159,Cordia bicolor,200,1505,31,0,10,,,,
65,2868,Cordia bicolor,383,3311,43,0,90,,,,
91,29133,Cordia bicolor,229,4620,42,0,100,,,,
8,7715,Dipteryx oleifera,1240,411,32,0,100,,,,
14,7221,Dipteryx oleifera,720,713,14,0,100,,,,
15,7173,Dipteryx oleifera,1107,720,44,0,100,,,,
65,2854,Dipteryx oleifera,625,3312,31,0,100,,,,
91,684,Dipteryx oleifera,853,4520,21,0,100,,,,
47,4606,Drypetes standleyi,288,2303,31,0,5,,,,
47,4653,Drypetes standleyi,557,2203,31,0,90,,,,
74,72208,Drypetes standleyi,229,3711,43,0,0,,,,
82,18029,Drypetes standleyi,219,4214,42,0,5,,,,
92,521,Drypetes standleyi,243,4605,41,0,5,,,,
92,20742,Drypetes standleyi,278,4704,41,0,0,,,,
51,141770,Eugenia oerstediana,255,2409,11,0,25,,,,
68,87583,Eugenia oerstediana,202,3415,11,0,5,,,,
59,3559,Guapira standleyana,278,2912,42,0,100,,,,
20,6750,Guarea guidonia,380,1014,12,0,0,,,,
47,4601,Guarea guidonia,319,2303,43,0,5,,,,
58,110995,Guarea guidonia,213,2905,14,0,25,,,,
65,97189,Guarea guidonia,281,3211,21,0,5,,,,
82,1081,Guarea guidonia,359,4314,22,0,10,,,,
91,618,Guarea guidonia,298,4620,22,0,80,,,,
94,368,Guarea guidonia,243,4716,33,0,0,,,,
94,365,Guarea guidonia,400,4716,14,0,75,,,,
11,235969,Guatteria dumetorum,450,505,44,0,100,,,,
15,228661,Guatteria dumetorum,289,720,21,0,100,,,,
28,5631,Guatteria dumetorum,633,1604,41,0,100,,,,
68,633214,Guazuma ulmifolia,232,3315,33,0,5,,,,
68,633191,Guazuma ulmifolia,410,3315,23,0,100,,,,
18,7110,Gustavia superba,286,919,13,0,5,,,,
28,5632,Gustavia superba,215,1604,41,0,0,,,,
58,3685,Gustavia superba,245,2805,43,0,50,,,,
59,3728,Gustavia superba,258,2812,24,0,25,,,,
65,2860,Gustavia superba,245,3311,14,0,5,,,,
77,1719,Gustavia superba,313,4020,31,0,5,,,,
92,512,Gustavia superba,220,4604,42,0,90,,,,
94,22669,Gustavia superba,202,4716,43,0,5,,,,
1,8212,Heisteria concinna,389,120,24,0,50,,,,
74,72143,Heisteria concinna,205,3711,22,0,0,,,,
74,1987,Heisteria concinna,328,3811,24,0,5,,,,
77,58414,Heisteria concinna,219,4021,13,0,5,,,,
77,1721,Heisteria concinna,240,4020,32,0,5,broken crown,,,
83,41183,Heisteria concinna,202,4307,14,0,0,,,,
92,443,Heisteria concinna,298,4704,14,0,50,,,,
65,97320,Hirtella triandra,212,3212,13,0,50,,,,
65,92372,Hirtella triandra,220,3312,11,0,15,,,,
82,18076,Hirtella triandra,218,4215,13,0,5,,,,
92,25739,Hirtella triandra,204,4604,11,0,10,,,,
94,22798,Hirtella triandra,251,4716,44,0,5,,,,
8,242255,Inga marginata,213,411,32,0,5,,,,
58,159457,Inga marginata,302,2906,43,0,10,,,,
65,433296,Inga marginata,380,3312,24,0,100,,,,
19,206389,Jacaranda copaia,292,1108,23,0,100,,,,
19,206350,Jacaranda copaia,574,1108,13,0,100,,,,
28,180910,Jacaranda copaia,389,1604,21,0,100,,,,
28,180904,Jacaranda copaia,405,1604,21,0,100,,,,
28,185937,Jacaranda copaia,462,1504,24,0,100,,,,
28,5885,Jacaranda copaia,688,1505,42,0,100,,,,
31,181416,Jacaranda copaia,555,1607,24,0,100,,,,
40,421138,Jacaranda copaia,224,2103,22,0,25,,,,
40,155642,Jacaranda copaia,465,2104,41,0,100,,,,
40,155537,Jacaranda copaia,468,2103,34,0,100,,,,
40,155636,Jacaranda copaia,472,2104,41,0,100,,,,
47,4654,Jacaranda copaia,517,2203,23,0,100,,,,
47,4655,Jacaranda copaia,657,2203,23,0,100,,,,
59,3562,Jacaranda copaia,550,2912,34,0,100,,,,
65,832305,Jacaranda copaia,229,3211,34,0,100,,,,
68,633223,Jacaranda copaia,230,3315,33,0,5,,,,
90,787,Jacaranda copaia,655,4507,12,0,100,,,,
90,786,Jacaranda copaia,715,4507,12,0,100,,,,
74,66921,Lacmellea panamensis,282,3810,14,0,0,,,,
31,416230,Laetia procera,386,1607,23,0,100,,,,
24,192153,Lonchocarpus heptaphyllus,273,1411,34,0,100,,,,
24,6192,Lonchocarpus heptaphyllus,478,1310,23,0,100,,,,
31,5654,Lonchocarpus heptaphyllus,442,1608,13,0,100,,,,
77,64185,Lonchocarpus heptaphyllus,341,3921,32,0,100,,,,
65,3028,Luehea seemannii,403,3211,11,0,10,,,,
82,1293,Luehea seemannii,1161,4215,22,0,100,,,,
58,3613,Macrocnemum roseum,579,2905,32,0,5,,,,
82,42275,Macrocnemum roseum,364,4314,23,0,5,,,,
15,233621,Nectandra cissiflora,282,620,32,0,100,,,,
40,160651,Nectandra cissiflora,296,2003,34,0,5,,,,
18,218546,Ocotea cernua,230,919,23,0,5,fallen tree,,,
19,206437,Ocotea cernua,275,1108,34,0,85,,,,
20,207696,Ocotea cernua,289,1114,22,0,5,,,,
77,539281,Ocotea oblonga,372,3921,31,0,100,,,,
58,3609,Ocotea whitei,209,2905,23,0,90,,,,
58,3609,Ocotea whitei,550,2905,23,0,100,,,,
64,3122,Ormosia coccinea,542,3224,23,0,100,,,,
24,5988,Platymiscium pinnatum,609,1410,11,0,100,no leaves,,,
28,5633,Platymiscium pinnatum,468,1604,42,0,100,,,,
59,3742,Platymiscium pinnatum,542,2813,31,0,100,,,,
74,1986,Platymiscium pinnatum,348,3811,14,0,5,,,,
8,236970,Poulsenia armata,350,511,44,0,100,,,,
18,218488,Poulsenia armata,540,919,11,0,100,,,,
82,1280,Poulsenia armata,363,4214,44,0,100,,,,
83,871,Poulsenia armata,491,4406,24,0,100,,,,
91,34060,Poulsenia armata,251,4520,23,0,5,,,,
91,674,Poulsenia armata,323,4521,22,0,10,,,,
91,628,Poulsenia armata,354,4621,22,0,5,broken crown,,,
94,363,Poulsenia armata,568,4716,14,0,100,,,,
1,400788,Pourouma bicolor,467,20,32,0,100,,,,
49,4520,Pouteria fossicola,452,2317,21,0,5,,,,
19,211500,Pouteria reticulata,385,1008,32,0,95,,,,
23,5949,Pouteria reticulata,445,1404,24,0,100,,,,
59,3556,Pouteria reticulata,380,2913,33,0,90,,,,
74,72077,Pouteria reticulata,335,3710,41,0,100,,,,
83,1133,Pouteria reticulata,402,4307,12,0,0,,,,
28,186066,Pouteria stipitata,205,1505,11,0,50,,,,
11,7344,Prioria copaifera,1120,605,43,0,100,,,,
19,6559,Prioria copaifera,660,1108,41,0,100,broken crown,,,
31,5655,Prioria copaifera,840,1608,14,0,100,broken crown,,,
47,4607,Prioria copaifera,535,2303,41,0,10,,,,
47,4651,Prioria copaifera,837,2202,44,0,100,,,,
47,4611,Prioria copaifera,1069,2302,24,0,20,,,,
47,4652,Prioria copaifera,1110,2203,41,0,100,,,,
51,146718,Prioria copaifera,531,2309,44,0,100,,,,
82,42366,Prioria copaifera,219,4315,13,0,5,,,,
83,41150,Prioria copaifera,214,4307,11,0,0,,,,
68,44694,Protium costaricense,209,3315,23,0,0,,,,
58,3604,Protium tenuifolium,300,2906,32,0,20,,,,
82,39422,Protium tenuifolium,224,4314,41,0,5,,,,
91,34186,Protium tenuifolium,214,4520,41,0,100,,,,
91,672,Protium tenuifolium,315,4521,32,0,25,,,,
94,28045,Protium tenuifolium,203,4616,14,0,100,,,,
94,28280,Protium tenuifolium,254,4617,24,0,50,,,,
64,3124,Pseudobombax septenatum,755,3224,14,0,100,,,,
1,263425,Quararibea asterolepis,220,20,14,0,0,,,,
1,8515,Quararibea asterolepis,388,21,32,0,100,,,,
5,7900,Quararibea asterolepis,422,311,43,0,100,,,,
19,6562,Quararibea asterolepis,398,1107,43,0,100,,,,
19,6712,Quararibea asterolepis,566,1008,22,0,100,,,,
20,6752,Quararibea asterolepis,583,1015,32,0,100,,,,
28,5896,Quararibea asterolepis,720,1504,12,0,100,,,,
49,4521,Quararibea asterolepis,510,2317,21,0,100,sub:correcto(1,,,
58,3680,Quararibea asterolepis,390,2805,22,0,100,,,,
58,3679,Quararibea asterolepis,408,2805,11,0,100,,,,
59,117057,Quararibea asterolepis,200,2812,11,0,100,,,,
59,3735,Quararibea asterolepis,391,2812,32,0,20,,,,
65,97226,Quararibea asterolepis,390,3211,33,0,100,,,,
72,2337,Quararibea asterolepis,508,3613,14,0,100,,,,
74,72086,Quararibea asterolepis,322,3711,11,0,100,,,,
74,67240,Quararibea asterolepis,370,3811,13,0,0,,,,
74,2176,Quararibea asterolepis,382,3711,44,0,5,,,,
74,1983,Quararibea asterolepis,440,3810,34,0,100,broken crown,,,
74,1979,Quararibea asterolepis,540,3810,43,0,100,,,,
77,57057,Quararibea asterolepis,291,4020,42,0,5,,,,
77,56970,Quararibea asterolepis,328,4020,24,0,100,,,,
77,57063,Quararibea asterolepis,345,4020,41,0,100,,,,
77,1728,Quararibea asterolepis,452,4021,32,0,100,,,,
77,1717,Quararibea asterolepis,478,4020,43,0,100,,,,
82,1292,Quararibea asterolepis,407,4215,31,0,100,,,,
83,41015,Quararibea asterolepis,279,4306,24,0,5,,,,
83,872,Quararibea asterolepis,375,4406,31,0,100,,,,
83,1130,Quararibea asterolepis,618,4307,21,0,100,,,,
90,781,Quararibea asterolepis,440,4507,34,0,100,,,,
90,784,Quararibea asterolepis,734,4507,41,0,100,,,,
91,34303,Quararibea asterolepis,221,4521,32,0,5,broken crown,,,
91,612,Quararibea asterolepis,542,4620,24,0,100,,,,
92,518,Quararibea asterolepis,436,4605,33,0,20,,,,
92,445,Quararibea asterolepis,500,4704,41,0,100,,,,
94,360,Quararibea asterolepis,454,4717,21,0,100,,,,
94,591,Quararibea asterolepis,503,4616,11,0,5,broken crown,,,
94,366,Quararibea asterolepis,804,4716,32,0,100,,,,
94,361,Quararibea asterolepis,818,4717,31,0,100,,,,
15,233694,Simarouba amara,630,620,41,0,100,,,,
19,211309,Simarouba amara,456,1007,32,0,100,,,,
20,6747,Simarouba amara,635,1014,42,0,5,,,,
23,191155,Simarouba amara,235,1405,41,0,100,,,,
23,190910,Simarouba amara,277,1404,31,0,100,,,,
77,64105,Simarouba amara,417,3921,23,0,100,,,,
74,2175,Sloanea terniflora,225,3711,44,0,0,,,,
83,36153,Sloanea terniflora,248,4407,31,0,100,,,,
92,511,Sloanea terniflora,380,4604,42,0,100,crown pratly broken,,,
31,181499,Spondias mombin,520,1607,33,0,100,,,,
28,186116,Sterculia apetala,375,1505,24,0,100,,,,
58,3599,Swartzia simplex,285,2906,24,0,0,,,,
24,6194,Tabebuia guayacan,295,1310,12,0,100,broken crown,,,
51,4356,Tabebuia guayacan,876,2409,22,0,100,,,,
82,1278,Tabebuia guayacan,293,4214,12,0,5,,,,
82,1078,Tabebuia guayacan,587,4314,33,0,100,only lianas on the stem,,,
1,8208,Tabernaemontana arborea,527,121,33,0,100,broken crown,,,
5,502301,Tabernaemontana arborea,239,211,42,0,100,,,,
14,227131,Tabernaemontana arborea,205,712,44,0,0,fallen tree,,,
18,214181,Tabernaemontana arborea,611,1020,42,0,100,broken crown,,,
20,6531,Tabernaemontana arborea,434,1114,21,0,5,,,,
24,6189,Tabernaemontana arborea,380,1310,43,0,5,,,,
24,5986,Tabernaemontana arborea,410,1410,32,0,5,,,,
47,150579,Tabernaemontana arborea,473,2203,33,0,20,,,,
47,4616,Tabernaemontana arborea,536,2302,21,0,20,,,,
49,4738,Tabernaemontana arborea,460,2217,34,0,50,,,,
72,77140,Tabernaemontana arborea,329,3612,41,0,100,,,,
20,212886,Tachigali versicolor,573,1014,43,0,100,,,,
51,146382,Tachigali versicolor,1005,2308,11,0,100,,,,
28,180934,Terminalia oblonga,245,1604,33,0,100,,,,
51,141788,Terminalia oblonga,282,2409,11,0,25,,,,
58,3686,Terminalia oblonga,376,2805,32,0,100,,,,
58,3682,Terminalia oblonga,685,2805,24,0,100,,,,
15,228441,Tetragastris panamensis,365,719,11,0,100,,,,
23,190972,Tetragastris panamensis,232,1404,41,0,10,,,,
24,6186,Tetragastris panamensis,369,1311,21,0,95,,,,
24,5987,Tetragastris panamensis,500,1410,32,0,100,sub:correcto(1,,,
31,176109,Tetragastris panamensis,225,1707,13,0,5,,,,
31,181485,Tetragastris panamensis,243,1607,32,0,70,,,,
77,1722,Tetragastris panamensis,585,4021,13,0,100,,,,
83,877,Tetragastris panamensis,445,4407,44,0,5,,,,
19,211409,Tocoyena pittieri,276,1008,12,0,5,,,,
36,166315,Tocoyena pittieri,220,1908,32,0,0,,,,
28,515114,Trattinnickia aspera,340,1505,42,0,5,,,,
31,181524,Trattinnickia aspera,203,1607,34,0,25,,,,
65,832406,Trema integerrima,386,3212,43,0,100,,,,
20,6533,Trichilia tuberculata,310,1114,14,0,0,,,,
20,6751,Trichilia tuberculata,340,1015,31,0,5,,,,
20,6755,Trichilia tuberculata,396,1015,13,0,5,a lot of lianas on the stem,,,
20,213134,Trichilia tuberculata,410,1015,41,0,100,,,,
20,6744,Trichilia tuberculata,425,1014,12,0,0,,,,
23,5944,Trichilia tuberculata,310,1404,31,0,100,,,,
24,192071,Trichilia tuberculata,201,1411,24,0,100,,,,
24,191898,Trichilia tuberculata,253,1410,24,0,25,,,,
24,198486,Trichilia tuberculata,334,1311,13,0,100,,,,
24,5989,Trichilia tuberculata,334,1410,13,0,5,,,,
36,166340,Trichilia tuberculata,260,1908,44,0,100,,,,
36,5220,Trichilia tuberculata,412,1907,33,0,50,,,,
36,5219,Trichilia tuberculata,448,1907,44,0,70,,,,
51,4358,Trichilia tuberculata,358,2409,32,0,50,,,,
59,117281,Trichilia tuberculata,224,2813,22,0,25,,,,
65,92451,Trichilia tuberculata,209,3312,23,0,5,,,,
65,97370,Trichilia tuberculata,230,3212,21,0,20,,,,
68,2845,Trichilia tuberculata,358,3314,42,0,100,,,,
68,2683,Trichilia tuberculata,415,3414,21,0,100,,,,
69,82699,Trichilia tuberculata,234,3516,43,0,0,,,,
69,82724,Trichilia tuberculata,316,3516,41,0,5,,,,
69,2475,Trichilia tuberculata,388,3517,31,0,5,,,,
69,82836,Trichilia tuberculata,453,3517,43,0,100,,,,
72,77018,Trichilia tuberculata,256,3612,14,0,100,only lianas on the stem,,,
72,82137,Trichilia tuberculata,275,3512,43,0,100,,,,
77,64084,Trichilia tuberculata,206,3921,14,0,5,,,,
77,1773,Trichilia tuberculata,440,3921,44,0,90,,,,
77,1783,Trichilia tuberculata,496,3920,34,0,100,,,,
82,18136,Trichilia tuberculata,210,4215,42,0,0,,,,
82,18094,Trichilia tuberculata,231,4215,22,0,0,,,,
82,1076,Trichilia tuberculata,354,4315,13,0,95,,,,
91,34035,Trichilia tuberculata,242,4520,14,0,5,,,,
91,683,Trichilia tuberculata,276,4520,33,0,100,broken crown,,,
91,614,Trichilia tuberculata,402,4620,32,0,100,,,,
92,517,Trichilia tuberculata,397,4605,34,0,100,,,,
19,211619,Triplaris cumingiana,212,1008,41,0,90,,,,
58,3605,Triplaris cumingiana,273,2906,41,0,100,,,,
74,67044,Triplaris cumingiana,390,3810,41,0,100,,,,
77,64026,Triplaris cumingiana,279,3920,41,0,100,,,,
82,18082,Triplaris cumingiana,293,4215,14,0,100,,,,
28,180817,Trophis racemosa,280,1604,12,0,5,,,,
40,160756,Virola sebifera,231,2004,23,0,100,,,,
65,92241,Virola sebifera,207,3312,21,0,5,,,,
65,92519,Virola sebifera,234,3312,21,0,10,,,,
72,2507,Virola sebifera,321,3512,44,0,100,,,,
77,57083,Virola sebifera,226,4021,41,0,5,,,,
82,18167,Virola sebifera,215,4214,22,0,15,,,,
82,18197,Virola sebifera,267,4214,31,0,25,,,,
82,42267,Virola surinamensis,577,4314,14,0,100,,,,
91,34090,Virola surinamensis,442,4520,21,0,5,,,,
94,27972,Virola surinamensis,492,4616,11,0,100,,,,
94,588,Virola surinamensis,782,4616,43,0,100,,,,
24,198534,Vochysia ferruginea,562,1311,31,0,100,,,,
36,618074,Vochysia ferruginea,220,1808,14,0,100,,,,
83,41119,Xylopia macrantha,222,4306,34,0,5,,,,
83,36081,Xylopia macrantha,235,4406,42,0,10,,,,
83,40999,Xylopia macrantha,238,4306,13,0,5,,,,
1,700477,Zanthoxylum ekmanii,235,20,23,0,100,,,,
15,233400,Zanthoxylum ekmanii,590,619,22,0,100,,,,
40,155462,Zanthoxylum ekmanii,650,2103,24,0,100,,,,
65,832380,Zanthoxylum ekmanii,200,3212,32,0,100,,,,
8,236864,Zanthoxylum panamense,392,511,14,0,100,,,,
14,232175,Zanthoxylum panamense,501,612,43,0,100,,,,
28,515100,Zanthoxylum panamense,330,1505,33,0,100,,,,
68,434210,Zanthoxylum panamense,294,3415,13,0,100,,,,
68,87710,Alchornea costaricensis,316,3415,33,5,5,,,,
68,87714,Alchornea costaricensis,406,3415,33,5,100,,,,
69,87943,Alchornea costaricensis,429,3416,41,5,100,,,,
28,5895,Alseis blackiana,393,1504,21,5,100,,,,
49,4528,Alseis blackiana,506,2316,21,5,25,sub:correcto(1,,,
74,1989,Alseis blackiana,352,3811,33,5,50,,,,
74,2171,Alseis blackiana,395,3711,22,5,5,,,,
5,8074,Apeiba membranacea,915,212,13,5,100,a lot of lianas on the stem,,,
11,7343,Apeiba membranacea,482,605,23,5,5,,,,
14,7238,Beilschmiedia pendula,270,712,11,5,100,,,,
14,7222,Beilschmiedia pendula,552,713,14,5,25,,,,
82,1277,Cassipourea elliptica,300,4214,11,5,5,,,,
91,673,Chrysophyllum cainito,840,4521,32,5,100,,,,
5,703215,Cordia alliodora,223,312,31,5,100,,,,
5,252185,Cordia bicolor,206,211,43,5,100,,,,
5,252125,Cordia bicolor,324,211,31,5,95,,,,
72,2338,Eugenia nesiotica,358,3613,14,5,50,,,,
74,67223,Guarea guidonia,213,3811,41,5,5,sub correcte: 1,,,
1,8206,Gustavia superba,258,121,24,5,5,,,,
64,104601,Gustavia superba,207,3123,22,5,5,,,,
64,3111,Gustavia superba,232,3223,22,5,25,,,,
69,2698,Gustavia superba,286,3417,42,5,100,broken crown,,,
82,1079,Gustavia superba,230,4314,41,5,5,,,,
31,5651,Heisteria concinna,266,1607,44,5,15,,,,
36,5318,Heisteria concinna,374,1808,41,5,25,,,,
51,141568,Heisteria concinna,266,2408,13,5,20,,,,
69,82777,Heisteria concinna,225,3517,23,5,5,,,,
77,57029,Heisteria concinna,200,4020,34,5,5,,,,
77,1729,Heisteria concinna,400,4021,32,5,5,,,,
92,452,Heisteria concinna,267,4704,34,5,5,,,,
11,7599,Hirtella triandra,329,506,11,5,80,,,,
82,1286,Hirtella triandra,226,4215,24,5,0,,,,
40,160276,Inga marginata,216,2003,24,5,50,,,,
28,180870,Jacaranda copaia,498,1604,24,5,100,,,,
28,5640,Lindackeria laurina,321,1605,21,5,0,,,,
74,67242,Luehea seemannii,202,3811,14,5,0,,,,
36,171064,Posoqueria latifolia,279,1807,21,5,50,,,,
28,186009,Pouteria reticulata,260,1504,33,5,0,,,,
28,180919,Prioria copaifera,211,1604,22,5,5,,,,
69,87926,Prioria copaifera,219,3416,43,5,100,broken crown,,,
1,263544,Protium tenuifolium,216,20,44,5,5,,,,
14,7223,Protium tenuifolium,242,713,34,5,5,,,,
19,206404,Protium tenuifolium,264,1108,22,5,5,,,,
92,441,Protium tenuifolium,239,4705,42,5,5,,,,
94,584,Protium tenuifolium,405,4616,11,5,5,,,,
47,4610,Pseudobombax septenatum,992,2302,23,5,100,,,,
28,185883,Quararibea asterolepis,205,1504,12,5,0,,,,
36,171109,Quararibea asterolepis,342,1807,34,5,90,,,,
20,212914,Simarouba amara,217,1014,41,5,0,,,,
36,519112,Simarouba amara,264,1908,34,5,5,,,,
64,13149,Swartzia simplex,226,3123,34,5,20,,,,
69,2466,Swartzia simplex,365,3517,32,5,5,,,,
14,7230,Tabernaemontana arborea,445,712,13,5,50,,,,
18,6779,Tabernaemontana arborea,598,1019,43,5,100,,,,
28,5892,Tabernaemontana arborea,519,1504,33,5,0,,,,
49,147736,Terminalia amazonia,496,2317,14,5,100,,,,
24,6190,Tetragastris panamensis,578,1310,42,5,100,,,,
91,29119,Tetragastris panamensis,224,4620,43,5,50,,,,
24,198553,Trichilia pallida,206,1311,33,5,5,,,,
15,7182,Trichilia tuberculata,292,719,13,5,50,,,,
15,7185,Trichilia tuberculata,376,719,32,5,95,,,,
20,212939,Trichilia tuberculata,227,1015,12,5,10,,,,
20,6756,Trichilia tuberculata,285,1015,13,5,100,,,,
36,166172,Trichilia tuberculata,203,1907,44,5,5,,,,
65,2857,Trichilia tuberculata,363,3312,43,5,5,,,,
77,63996,Trichilia tuberculata,239,3920,44,5,50,,,,
94,594,Trichilia tuberculata,310,4617,13,5,0,,,,
68,87652,Turpinia occidentalis,586,3415,23,5,70,,,,
1,258702,Virola sebifera,202,121,31,5,95,,,,
59,43966,Virola sebifera,317,2912,23,5,5,,,,
68,93038,Xylopia macrantha,206,3314,42,5,75,,,,
83,36175,Xylopia macrantha,220,4407,34,5,90,,,,
1,263448,Zanthoxylum acuminatum,360,20,22,5,100,,,,
74,1840,Alchornea costaricensis,280,3811,43,10,10,,,,
8,7717,Alseis blackiana,499,411,44,10,20,,,,
24,192141,Alseis blackiana,203,1411,33,10,5,,,,
64,3119,Alseis blackiana,330,3223,31,10,90,,,,
77,56972,Beilschmiedia pendula,298,4020,24,10,85,,,,
65,92306,Guatteria dumetorum,200,3311,32,10,100,,,,
64,3131,Gustavia superba,319,3224,31,10,5,,,,
31,5539,Heisteria concinna,290,1708,41,10,0,,,,
59,112521,Hirtella triandra,212,2913,14,10,50,,,,
83,308258,Lacmellea panamensis,299,4306,32,10,5,,,,
90,31319,Lacmellea panamensis,263,4507,11,10,25,,,,
24,5993,Prioria copaifera,695,1411,13,10,100,sub:correcto(1,,,
72,77147,Prioria copaifera,391,3613,11,10,100,,,,
5,8069,Quararibea asterolepis,294,212,32,10,100,,,,
68,87724,Simarouba amara,255,3415,34,10,100,,,,
28,180878,Tabernaemontana arborea,259,1604,23,10,20,,,,
14,7233,Tetragastris panamensis,500,712,32,10,100,,,,
47,4608,Tetragastris panamensis,367,2302,41,10,5,sub:correcto(1,,,
49,4728,Tetragastris panamensis,427,2216,13,10,100,,,,
59,3734,Tetragastris panamensis,610,2812,42,10,80,,,,
11,7598,Trichilia tuberculata,423,506,12,10,100,,,,
36,166107,Trichilia tuberculata,268,1907,22,10,0,,,,
64,104880,Trichilia tuberculata,435,3124,42,10,100,,,,
65,92568,Trichilia tuberculata,228,3312,44,10,5,,,,
49,4525,Virola sebifera,298,2316,33,10,5,,,,
28,5891,Alseis blackiana,438,1504,43,15,25,,,,
68,93143,Guarea guidonia,266,3315,21,15,10,,,,
74,1982,Heisteria concinna,293,3810,23,15,40,,,,
90,31384,Hirtella triandra,265,4507,22,15,5,,,,
8,242339,Inga sapindoides,255,412,11,15,90,,,,
91,675,Poulsenia armata,285,4521,22,15,5,,,,
11,706056,Pourouma bicolor,209,606,44,15,100,,,,
5,252102,Swartzia simplex,229,211,22,15,5,,,,
68,87763,Beilschmiedia pendula,232,3415,43,20,90,,,,
1,8520,Chrysophyllum argenteum,305,21,24,20,50,,,,
74,66983,Drypetes standleyi,212,3810,32,20,5,,,,
64,104598,Eugenia oerstediana,263,3123,22,20,100,,,,
72,2500,Guapira standleyana,778,3513,43,20,100,,,,
77,1715,Guarea guidonia,338,4020,34,20,25,,,,
64,3116,Guazuma ulmifolia,522,3223,43,20,100,,,,
64,3123,Gustavia superba,262,3224,23,20,5,,,,
65,97348,Hirtella triandra,247,3212,23,20,100,,,,
47,150473,Poulsenia armata,475,2202,41,20,100,,,,
94,28494,Poulsenia armata,470,4617,42,20,100,,,,
19,6714,Pouteria reticulata,310,1008,12,20,80,,,,
24,192165,Pouteria reticulata,234,1411,44,20,0,,,,
23,5953,Prioria copaifera,919,1405,23,20,100,,,,
36,5215,Prioria copaifera,1230,1908,22,20,100,,,,
23,190925,Protium tenuifolium,286,1404,32,20,0,,,,
36,5317,Quararibea asterolepis,294,1807,24,20,5,,,,
8,236900,Simarouba amara,263,511,22,20,25,,,,
36,5322,Tetragastris panamensis,477,1808,11,20,90,,,,
92,444,Tetragastris panamensis,431,4704,22,20,80,,,,
47,4604,Trichilia tuberculata,296,2303,22,20,10,,,,
49,4726,Trichilia tuberculata,495,2216,23,20,100,,,,
74,2170,Trichilia tuberculata,610,3711,23,20,100,,,,
68,87425,Virola sebifera,200,3414,13,20,90,,,,
69,87943,Alchornea costaricensis,320,3416,41,25,100,,,,
64,104741,Alseis blackiana,287,3124,12,25,20,,,,
68,2681,Alseis blackiana,505,3414,24,25,100,,,,
72,2342,Alseis blackiana,615,3613,33,25,100,,,,
92,446,Garcinia intermedia,240,4704,31,25,0,,,,
68,92951,Guarea guidonia,209,3314,21,25,100,,,,
1,263687,Guatteria dumetorum,225,21,32,25,95,,,,
11,230878,Guatteria dumetorum,332,605,23,25,75,,,,
36,5324,Heisteria concinna,283,1808,34,25,100,,,,
74,67050,Heisteria concinna,200,3810,41,25,0,,,,
49,4527,Hirtella triandra,293,2316,21,25,50,,,,
72,2331,Hirtella triandra,248,3612,33,25,100,,,,
14,7386,Jacaranda copaia,639,612,22,25,100,,,,
69,435304,Miconia argentea,216,3516,22,25,95,,,,
31,176101,Pouteria reticulata,273,1707,13,25,50,,,,
36,5319,Prioria copaifera,676,1808,42,25,50,,,,
90,31454,Protium tenuifolium,287,4507,41,25,85,,,,
15,7440,Tabernaemontana arborea,453,619,23,25,5,,,,
36,5223,Tetragastris panamensis,770,1907,31,25,100,,,,
40,4979,Trichilia tuberculata,249,2003,32,25,0,,,,
64,99708,Trichilia tuberculata,241,3224,14,25,10,,,,
77,63940,Trichilia tuberculata,393,3920,23,25,100,,,,
90,795,Trichilia tuberculata,330,4506,23,25,0,,,,
18,213914,Virola sebifera,242,1019,32,25,95,,,,
64,99474,Alseis blackiana,238,3223,13,30,0,,,,
51,4350,Prioria copaifera,947,2408,11,30,100,,,,
68,2685,Gustavia superba,399,3415,21,35,95,,,,
8,242231,Prioria copaifera,204,411,21,40,5,,,,
47,4648,Prioria copaifera,505,2202,32,40,20,,,,
19,206412,Tachigali versicolor,296,1108,21,40,100,,,,
64,104815,Gustavia superba,202,3124,21,45,100,,,,
14,227348,Simarouba amara,528,713,44,45,100,,,,
65,92228,Trichilia tuberculata,227,3311,13,45,100,,,,
64,3134,Alseis blackiana,293,3124,24,50,5,,,,
64,99532,Alseis blackiana,371,3223,21,50,100,,,,
19,206382,Apeiba membranacea,237,1108,24,50,100,,,,
65,2861,Apeiba membranacea,649,3311,13,50,100,,,,
1,8205,Aspidosperma spruceanum,659,121,24,50,100,,,,
14,227168,Cordia bicolor,244,712,41,50,100,,,,
23,5950,Guapira standleyana,289,1404,34,50,5,,,,
94,23250,Guarea guidonia,329,4717,24,50,100,,,,
64,99449,Gustavia superba,215,3223,34,50,40,,,,
31,5648,Heisteria concinna,277,1607,12,50,50,,,,
65,2858,Ormosia macrocalyx,765,3312,42,50,100,,,,
68,87545,Pouteria reticulata,249,3414,34,50,100,,,,
40,4980,Prioria copaifera,478,2003,22,50,100,,,,
49,152470,Protium tenuifolium,249,2216,41,50,50,,,,
23,5945,Quararibea asterolepis,626,1404,13,50,100,,,,
65,92320,Quararibea asterolepis,432,3311,33,50,80,,,,
82,1072,Quararibea asterolepis,420,4315,42,50,90,,,,
94,28236,Quararibea asterolepis,352,4617,13,50,100,,,,
11,231110,Swartzia simplex,218,606,41,50,50,,,,
20,6758,Tabernaemontana arborea,618,1015,14,50,100,,,,
18,214063,Tachigali versicolor,342,1020,22,50,100,,,,
23,197245,Tetragastris panamensis,272,1304,43,50,25,,,,
69,2463,Trichilia tuberculata,383,3517,14,50,100,,,,
69,2470,Alseis blackiana,382,3516,24,55,100,,,,
14,7234,Astronium graveolens,476,712,33,60,100,,,,
20,213097,Guarea guidonia,247,1015,43,60,5,broken crown,,,
68,2842,Trichilia tuberculata,262,3314,42,60,100,,,,
74,2177,Alseis blackiana,295,3710,32,65,5,,,,
90,789,Ficus obtusifolia,1948,4506,14,70,100,,,,
82,1073,Guarea guidonia,346,4315,41,70,5,,,,
14,7390,Tabernaemontana arborea,500,612,42,70,100,,,,
92,20843,Tachigali versicolor,375,4705,32,70,100,,,,
77,58410,Trichilia tuberculata,226,4020,44,70,100,,,,
31,5540,Alseis blackiana,492,1708,42,75,0,,,,
49,147565,Casearia sylvestris,213,2316,14,75,5,,,,
31,176143,Chrysophyllum argenteum,298,1707,23,75,100,,,,
20,6749,Dendropanax arboreus,231,1014,34,75,5,,,,
5,252111,Prioria copaifera,315,211,21,75,90,,,,
11,235889,Quararibea asterolepis,226,505,24,75,90,,,,
28,5634,Swartzia simplex,263,1604,43,75,5,,,,
19,211196,Trichilia tuberculata,232,1007,11,75,5,,,,
14,227004,Virola sebifera,239,712,14,75,50,,,,
59,3560,Virola sebifera,324,2912,41,75,100,,,,
90,26173,Virola sebifera,338,4606,24,75,100,,,,
51,146653,Allophylus psilospermus,223,2309,21,80,10,,,,
68,2680,Alseis blackiana,358,3414,23,80,100,,,,
77,440922,Cecropia insignis,328,4020,23,80,100,,,,
82,1071,Drypetes standleyi,416,4315,24,80,100,,,,
31,5541,Eugenia nesiotica,323,1708,11,80,5,,,,
14,7231,Guapira standleyana,484,712,23,80,100,,,,
23,6226,Guarea guidonia,228,1304,11,80,100,,,,
59,3557,Guazuma ulmifolia,585,2912,24,80,25,,,,
64,99448,Gustavia superba,222,3223,34,80,5,,,,
72,2499,Gustavia superba,290,3513,23,80,100,,,,
40,155646,Jacaranda copaia,375,2104,42,80,100,,,,
47,4602,Ocotea whitei,593,2303,23,80,100,,,,
15,272595,Platymiscium pinnatum,218,719,41,80,50,,,,
23,5943,Prioria copaifera,1043,1404,31,80,100,,,,
68,93156,Prioria copaifera,350,3315,31,80,70,,,,
51,146465,Quararibea asterolepis,310,2308,34,80,100,,,,
59,3738,Quararibea asterolepis,758,2813,42,80,100,,,,
15,7446,Trichilia tuberculata,312,620,21,80,100,,,,
59,117371,Trichilia tuberculata,237,2813,41,80,100,,,,
90,790,Trichilia tuberculata,295,4506,34,80,5,,,,
49,147639,Heisteria concinna,205,2316,32,85,50,,,,
74,1985,Quararibea asterolepis,435,3810,32,85,100,,,,
82,17999,Trichilia tuberculata,245,4214,34,85,5,,,,
65,2862,Adelia triloba,328,3311,13,90,10,sub correcte: 1,,,
64,99837,Alseis blackiana,345,3224,42,90,100,,,,
64,3135,Alseis blackiana,403,3124,14,90,100,,,,
49,4735,Chrysophyllum cainito,569,2217,13,90,100,,,,
1,400820,Cordia bicolor,248,21,21,90,95,,,,
51,146461,Eugenia oerstediana,306,2308,34,90,90,,,,
59,3727,Garcinia intermedia,241,2812,24,90,5,,,,
65,92240,Guapira standleyana,249,3311,14,90,60,,,,
68,2835,Gustavia superba,285,3315,14,90,25,,,,
5,7891,Heisteria concinna,221,312,33,90,25,,,,
82,42250,Poulsenia armata,232,4314,13,90,5,,,,
5,703146,Pourouma bicolor,211,311,24,90,100,,,,
8,7554,Prioria copaifera,792,511,44,90,100,,,,
11,7594,Prioria copaifera,661,506,44,90,100,,,,
90,26184,Prioria copaifera,241,4606,22,90,100,,,,
91,29289,Protium panamense,214,4621,34,90,25,,,,
51,141879,Quararibea asterolepis,286,2409,31,90,80,,,,
59,3744,Quararibea asterolepis,345,2813,21,90,100,,,,
18,218882,Simarouba amara,202,920,44,90,100,,,,
5,252055,Tabernaemontana arborea,223,211,11,90,100,,,,
36,5323,Trichilia tuberculata,376,1808,13,90,80,,,,
64,99567,Trichilia tuberculata,237,3223,33,90,95,,,,
92,508,Trichilia tuberculata,383,4604,22,90,5,,,,
18,6844,Alseis blackiana,327,920,13,95,100,,,,
64,3130,Alseis blackiana,335,3224,41,95,100,,,,
68,2846,Apeiba membranacea,478,3314,34,95,100,,,,
94,596,Chrysophyllum argenteum,248,4617,43,95,5,,,,
23,197229,Eugenia oerstediana,335,1304,34,95,100,,,,
69,2697,Gustavia superba,255,3417,32,95,100,,,,
90,792,Heisteria concinna,240,4506,44,95,0,,,,
72,82087,Lacmellea panamensis,254,3512,31,95,100,,,,
92,25783,Lacmellea panamensis,243,4604,14,95,75,,,,
14,7226,Protium tenuifolium,520,713,11,95,50,,,,
65,97438,Tachigali versicolor,229,3212,34,95,100,,,,
90,524,Tetragastris panamensis,397,4606,22,95,100,,,,
1,263675,Virola sebifera,252,21,31,95,90,,,,
28,5883,Alchornea costaricensis,212,1505,44,100,50,,,,
28,5883,Alchornea costaricensis,275,1505,44,100,0,,,,
23,197345,Allophylus psilospermus,221,1305,23,100,0,fallen tree,,,
1,8215,Alseis blackiana,319,120,31,100,100,,,,
5,8076,Alseis blackiana,425,212,11,100,100,,,,
8,242466,Alseis blackiana,242,412,31,100,100,,,,
8,7548,Alseis blackiana,410,512,44,100,100,,,,
14,232052,Alseis blackiana,263,612,12,100,90,,,,
14,7227,Alseis blackiana,410,713,11,100,50,,,,
19,6554,Alseis blackiana,305,1108,14,100,95,,,,
19,6707,Alseis blackiana,387,1007,11,100,90,,,,
20,213039,Alseis blackiana,315,1015,33,100,100,,,,
31,181579,Alseis blackiana,200,1608,12,100,50,,,,
31,181662,Alseis blackiana,278,1608,32,100,50,,,,
36,5316,Alseis blackiana,437,1807,13,100,100,broken crown,,,
40,160825,Alseis blackiana,244,2004,44,100,5,,,,
40,4984,Alseis blackiana,380,2004,21,100,100,,,,
59,3551,Alseis blackiana,362,2913,14,100,100,,,,
64,104704,Alseis blackiana,204,3123,42,100,100,,,,
64,3110,Alseis blackiana,222,3223,41,100,100,,,,
64,104870,Alseis blackiana,307,3124,43,100,70,,,,
64,3115,Alseis blackiana,367,3223,43,100,100,,,,
64,3120,Alseis blackiana,387,3224,11,100,95,,,,
64,3145,Alseis blackiana,410,3123,44,100,100,,,,
69,88029,Alseis blackiana,209,3417,22,100,100,,,,
72,82091,Alseis blackiana,240,3512,31,100,100,,,,
83,873,Alseis blackiana,643,4407,11,100,100,,,,
1,8213,Apeiba membranacea,362,120,23,100,100,,,,
5,247380,Apeiba membranacea,308,312,31,100,100,,,,
15,7174,Apeiba membranacea,354,720,42,100,25,broken crown,,,
28,180862,Apeiba membranacea,304,1604,24,100,100,,,,
64,3141,Apeiba membranacea,787,3123,14,100,90,,,,
69,82615,Apeiba membranacea,271,3516,14,100,100,broken crown,,,
83,1135,Apeiba membranacea,730,4306,42,100,100,,,,
92,20851,Apeiba membranacea,229,4705,33,100,0,,,,
11,231066,Astronium graveolens,312,606,44,100,100,broken crown,,,
15,228589,Beilschmiedia pendula,200,720,13,100,95,,,,
18,6857,Beilschmiedia pendula,355,919,41,100,100,,,,
91,681,Beilschmiedia pendula,448,4520,42,100,100,,,,
18,6847,Chrysophyllum argenteum,322,920,42,100,100,,,,
23,6227,Chrysophyllum argenteum,280,1304,12,100,80,,,,
49,189893,Chrysophyllum argenteum,221,2316,41,100,100,,,,
1,8216,Cordia bicolor,344,120,41,100,5,broken crown,,,
5,252149,Cordia bicolor,272,211,33,100,5,,,,
5,8065,Cordia bicolor,305,211,23,100,100,,,,
15,7175,Cordia bicolor,332,720,41,100,100,,,,
20,207939,Cordia bicolor,228,1115,44,100,100,,,,
28,401981,Cordia bicolor,307,1605,32,100,100,,,,
92,25996,Drypetes standleyi,262,4605,24,100,100,,,,
36,5222,Eugenia nesiotica,292,1907,41,100,100,broken crown,,,
40,4929,Guapira standleyana,404,2004,42,100,100,,,,
14,227197,Guarea grandifolia,433,713,13,100,80,,,,
18,6843,Guarea guidonia,266,920,24,100,95,,,,
68,2839,Guarea guidonia,277,3314,12,100,95,,,,
69,87825,Guarea guidonia,220,3416,13,100,100,,,,
69,2690,Guarea guidonia,313,3416,44,100,100,broken crown,,,
36,171070,Gustavia superba,212,1807,31,100,50,,,,
64,104694,Gustavia superba,223,3123,43,100,100,,,,
68,2841,Gustavia superba,318,3314,22,100,100,,,,
69,2693,Gustavia superba,271,3417,12,100,100,,,,
72,2502,Gustavia superba,343,3512,23,100,100,,,,
20,6523,Hirtella triandra,280,1115,34,100,100,,,,
49,4516,Hirtella triandra,301,2317,34,100,100,,,,
59,112501,Hirtella triandra,206,2913,13,100,90,,,,
59,117329,Hirtella triandra,250,2813,34,100,100,,,,
23,191106,Hura crepitans,307,1405,44,100,100,broken crown,,,
68,2838,Hura crepitans,595,3314,13,100,100,,,,
92,522,Hura crepitans,404,4605,21,100,100,,,,
92,439,Hura crepitans,682,4705,31,100,100,,,,
92,507,Hura crepitans,738,4604,44,100,60,,,,
8,405275,Inga marginata,325,512,13,100,85,,,,
69,434238,Inga punctata,298,3417,11,100,100,,,,
5,502291,Jacaranda copaia,223,211,34,100,100,,,,
15,228686,Jacaranda copaia,328,720,33,100,100,broken crown,,,
15,228747,Jacaranda copaia,380,720,43,100,25,broken crown,,,
92,520,Luehea seemannii,810,4605,32,100,100,,,,
83,40963,Nectandra cissiflora,277,4306,11,100,100,,,,
5,703223,Ocotea oblonga,278,312,32,100,95,,,,
36,5225,Platymiscium pinnatum,283,1907,31,100,0,,,,
18,218680,Pouteria reticulata,208,919,42,100,100,,,,
20,207820,Pouteria reticulata,308,1115,22,100,100,,,,
31,5542,Pouteria reticulata,574,1707,24,100,100,,,,
92,25960,Pouteria reticulata,269,4605,12,100,100,,,,
28,180965,Pouteria stipitata,241,1604,44,100,100,,,,
19,206247,Prioria copaifera,399,1107,33,100,95,,,,
24,192034,Prioria copaifera,254,1411,13,100,100,,,,
31,181632,Prioria copaifera,221,1608,22,100,45,,,,
31,5537,Prioria copaifera,412,1708,44,100,20,,,,
69,2471,Prioria copaifera,1097,3516,32,100,100,,,,
20,207942,Protium tenuifolium,252,1115,44,100,100,broken crown,,,
49,4731,Protium tenuifolium,259,2216,11,100,95,,,,
68,2840,Psidium friedrichsthalianum,230,3314,11,100,100,,,,
5,8067,Quararibea asterolepis,215,211,24,100,100,broken crown,,,
5,8062,Quararibea asterolepis,340,211,32,100,100,,,,
14,7397,Quararibea asterolepis,331,613,14,100,100,,,,
18,6848,Quararibea asterolepis,309,920,31,100,100,,,,
23,197469,Quararibea asterolepis,281,1305,41,100,100,,,,
28,5636,Quararibea asterolepis,393,1604,14,100,100,,,,
51,4352,Quararibea asterolepis,487,2408,42,100,100,broken crown,,,
64,104535,Quararibea asterolepis,205,3123,12,100,100,,,,
77,56933,Quararibea asterolepis,268,4020,11,100,100,,,,
8,242506,Sapium glandulosum,220,412,34,100,95,,,,
92,449,Spondias radlkoferi,595,4704,43,100,100,,,,
14,7235,Swartzia simplex,238,712,24,100,25,,,,
36,171240,Swartzia simplex,213,1808,23,100,10,,,,
58,116119,Swartzia simplex,205,2806,42,100,100,,,,
5,267283,Tabebuia guayacan,224,212,13,100,5,,,,
14,7396,Tabernaemontana arborea,383,613,13,100,100,,,,
15,7177,Tabernaemontana arborea,420,720,31,100,95,,,,
18,6789,Tabernaemontana arborea,522,1020,14,100,100,,,,
20,207921,Tabernaemontana arborea,218,1115,33,100,100,,,,
15,228557,Tachigali versicolor,445,719,41,100,95,,,,
23,197266,Tachigali versicolor,330,1304,42,100,100,,,,
24,198411,Tachigali versicolor,210,1310,31,100,100,,,,
59,112468,Tachigali versicolor,214,2912,14,100,85,,,,
64,104784,Tachigali versicolor,485,3124,23,100,100,,,,
14,7401,Tetragastris panamensis,263,613,32,100,95,,,,
15,228511,Tetragastris panamensis,440,719,32,100,95,,,,
24,6185,Tetragastris panamensis,468,1311,22,100,85,,,,
31,5538,Tetragastris panamensis,556,1708,43,100,100,,,,
83,41072,Tetragastris panamensis,228,4306,21,100,100,,,,
90,526,Tetragastris panamensis,359,4606,32,100,100,,,,
1,8517,Trichilia tuberculata,422,21,43,100,95,,,,
5,7889,Trichilia tuberculata,409,312,24,100,100,,,,
15,233449,Trichilia tuberculata,290,619,33,100,95,,,,
18,213885,Trichilia tuberculata,215,1019,21,100,100,,,,
18,218826,Trichilia tuberculata,337,920,32,100,100,,,,
31,181738,Trichilia tuberculata,483,1608,42,100,100,,,,
36,5224,Trichilia tuberculata,292,1907,31,100,25,sub:correcto(1,,,
36,5216,Trichilia tuberculata,345,1908,23,100,5,,,,
40,160706,Trichilia tuberculata,307,2004,11,100,95,,,,
40,4978,Trichilia tuberculata,408,2003,21,100,100,,,,
64,104768,Trichilia tuberculata,252,3124,14,100,75,,,,
64,99598,Trichilia tuberculata,312,3223,44,100,100,,,,
64,99492,Trichilia tuberculata,335,3223,24,100,100,,,,
28,181039,Triplaris cumingiana,200,1605,14,100,100,broken crown,,,
65,92300,Triplaris cumingiana,282,3311,32,100,0,,,,
65,92317,Triplaris cumingiana,299,3311,33,100,100,,,,
69,87981,Triplaris cumingiana,260,3417,14,100,60,broken crown,,,
69,2472,Triplaris cumingiana,266,3516,11,100,5,broken crown,,,
1,258611,Virola sebifera,229,120,31,100,50,,,,
8,242362,Virola sebifera,223,412,12,100,100,,,,
15,233543,Virola sebifera,275,620,14,100,80,,,,
64,99804,Virola sebifera,242,3224,34,100,75,,,,
74,72126,Virola sebifera,212,3711,24,100,5,,,,
90,31251,Virola sebifera,205,4506,33,100,5,,,,
91,626,Virola sebifera,317,4621,32,100,100,,,,
28,5894,Virola surinamensis,457,1504,41,100,100,,,,
65,2867,Xylopia macrantha,302,3311,32,100,75,,,,418
68,633201,Zanthoxylum ekmanii,288,3315,32,100,100,,,,0.538659794
28,515072,Zanthoxylum panamense,325,1505,23,100,100,,,,222
31,416186,Zanthoxylum panamense,298,1607,11,100,100,,,,0.286082474